{"latency": [0.0, 24.52826499938965, 16.569852828979492, 15.863418579101562, 15.826702117919922, 12.086868286132812, 12.773275375366211, 16.423463821411133, 16.126155853271484, 15.66624641418457, 15.711784362792969, 17.51565933227539, 19.19865608215332, 43.15924644470215, 25.84362030029297, 25.147676467895508, 16.215085983276367, 16.24321937561035, 15.966653823852539, 15.989303588867188, 16.042709350585938, 19.738435745239258, 27.57430076599121, 16.31617546081543, 20.082950592041016, 12.4359130859375, 11.296987533569336, 23.683786392211914, 16.27969741821289, 16.15309715270996, 15.938520431518555, 16.04914665222168, 16.59226417541504, 16.43681526184082, 16.355037689208984, 16.351699829101562, 16.566753387451172, 16.118764877319336, 16.150951385498047, 16.402006149291992, 16.263484954833984, 18.258333206176758, 14.149904251098633, 16.245603561401367, 16.204118728637695, 15.807390213012695, 16.564369201660156, 16.02458953857422, 16.12091064453125, 16.45660400390625, 16.574859619140625, 16.17264747619629, 16.481637954711914, 16.21246337890625, 16.0214900970459, 15.935182571411133, 19.303083419799805, 14.410972595214844, 17.014265060424805, 15.511035919189453, 39.89362716674805, 31.362295150756836, 24.97267723083496, 14.478921890258789, 15.337467193603516, 15.84935188293457, 15.97285270690918, 15.565156936645508, 15.923023223876953, 15.73038101196289, 15.9912109375, 16.09969139099121, 15.961408615112305, 15.965700149536133, 15.877485275268555, 15.901565551757812, 16.243457794189453, 16.1745548248291, 15.862226486206055, 16.068220138549805, 15.833377838134766, 16.04175567626953, 16.596555709838867, 17.965316772460938, 13.750791549682617, 16.05534553527832, 16.010522842407227, 19.663333892822266, 12.603044509887695, 11.255741119384766, 16.335248947143555, 18.572330474853516, 13.948202133178711, 16.000032424926758, 15.965938568115234, 16.274452209472656, 16.172409057617188, 16.11781120300293, 16.348838806152344, 16.361474990844727], "throughput": 3048.186046511628, "packet_loss": 0.0, "qos_compliance": {"target_latency": 100, "actual_latency": 0.0, "target_bandwidth": 50, "allocated_bandwidth": 50}, "jitter": 43.15924644470215}