packet_size_bytes,throughput_mbps
64,0.2934687032205959
256,1.2135006995694089
512,2.434350561052645
1024,4.5696975103204664
2048,9.488966746386378
4096,20.719919174815097
